{"cameraMode":{"drawMode":0,"name":"Shaded","section":"Shading Mode"},"sceneLighting":false,"audioPlay":false,"sceneViewState":{"showFog":true,"showMaterialUpdate":false,"showSkybox":false,"showFlares":true,"showImageEffects":true,"showParticleSystems":true},"in2DMode":false,"pivot":{"x":-0.06438909471035004,"y":0.22046250104904176,"z":0.16653165221214295},"rotation":{"x":0.17290273308753968,"y":-0.5544821619987488,"z":0.1190565824508667,"w":0.8052909970283508},"size":1.1802343130111695,"orthographic":true}