{"cameraMode":{"drawMode":0,"name":"Shaded","section":"Shading Mode"},"sceneLighting":true,"audioPlay":false,"sceneViewState":{"showFog":true,"showMaterialUpdate":false,"showSkybox":true,"showFlares":true,"showImageEffects":true,"showParticleSystems":true},"in2DMode":false,"pivot":{"x":-0.45356452465057375,"y":3.748934745788574,"z":2.213062286376953},"rotation":{"x":0.2792794406414032,"y":0.05384516343474388,"z":-0.015684282407164575,"w":0.9585791230201721},"size":10.970844268798829,"orthographic":false}